Company Name,Job Title,Location,Website URL,LinkedIn URL
Business Wire,Senior Software Engineer,United States,https://www.businesswire.com/,https://www.linkedin.com/company/business-wire
"Dot Foods, Inc.",Software Engineer - Warehouse,"Mount Sterling, IL 62353",https://www.dotfoods.com/,https://www.linkedin.com/company/dotfoods
Disney Entertainment & ESPN Technology,"Lead Software Engineer, Frontend","Santa Monica, CA",https://www.disney.com/,
HDR,Bentley Platform Developer,"Omaha, NE 68106",https://www.hdrinc.com/,https://www.linkedin.com/company/hdr
Expleo,Senior Software Engineer,"Remote in Rochester, MN 55904",https://expleo.com/,https://www.linkedin.com/company/expleo-group
Lowe's,Sr Software Engineer - Fullstack,"Charlotte, NC",http://www.lowes.com/,https://www.linkedin.com/company/lowe's-home-improvement
Sprig,Backend Engineer,"San Francisco, CA",https://sprig.com/,https://www.linkedin.com/company/sprig-official
Linktree,Senior Frontend Engineer,"San Francisco, CA",https://www.instagram.com/,https://au.linkedin.com/company/linktree
Thermo Fisher Scientific,Front End Software Engineer,Indiana,https://www.thermofisher.com/,https://www.linkedin.com/company/thermo-fisher-scientific
AstraZeneca,API Software Engineering Lead - Evinova,"Gaithersburg, MD 20878",https://www.astrazeneca.com/,https://www.linkedin.com/company/medimmune
Freddie Mac,"Full-Stack Agile Developer, Technical Lead (Hybrid - 3 Days in Office)","McLean, VA 22102",https://www.freddiemac.com/,https://www.linkedin.com/company/freddie-mac
Visionet Systems,Senior Software Engineer,"Pittsburgh, PA",https://www.visionet.com/,https://www.linkedin.com/company/visionet-systems-inc-
Sadup Softech,DotNet Developer,United States,https://sadupsoft.com/,https://www.linkedin.com/company/sadup-softech
McKinsey & Company,Senior Software Engineer,"Atlanta, GA 30303",https://www.mckinsey.com/,"https://www.linkedin.com/company/mckinsey#:~:text=McKinsey%20%26%20Company%20is%20a%20global,that%20no%20one%20else%20can."
Adobe,Sr Software Development Engineer,"San Jose, CA 95110",https://www.adobe.com/,https://www.linkedin.com/company/adobe
Edgio,DevOps Engineer,United States,https://cybersecuritysummit.com/,https://www.linkedin.com/company/edgio
"Cambridge Investment Research, Inc.",Software Developer II,"Fairfield, IA 52556",https://www.joincambridge.com/,https://www.linkedin.com/company/cambridge-investment-research
Dutech Systems,Programmer/Developer Software Developer,"Austin, TX",https://dutechsystems.com/,https://www.linkedin.com/company/dutechsystems
Esri,GIS Software Development Engineer II,"Washington, DC",https://www.esri.com/,https://www.linkedin.com/company/esri
"CPS Solutions, LLC",Senior Software Engineer,United States,https://cps.com/,https://www.linkedin.com/company/cps
Ascendion,Golang Developer,"Tampa, FL 33610",https://ascendion.com/,https://www.linkedin.com/company/ascendion
Lowe's,Sr Software Engineer- Pyspark,"Charlotte, NC",http://www.lowes.com/,https://www.linkedin.com/company/lowe's-home-improvement
Antech Diagnostics,Full Stack Developer II,"Loveland, CO 80538",https://www.antechdiagnostics.com/,https://www.linkedin.com/company/antech-diagnostics
Toyota,Senior Developer,"Plano, TX",https://www.toyota.com/,https://www.linkedin.com/company/toyota-of-plano
Bigbear.ai,Sr. Full Stack Developer,"Hybrid work in Washington, DC 20016",https://www.bloomberg.com/,https://www.linkedin.com/company/bigbearai
ASML,Senior Software Application Engineer,"Hillsboro, OR",,https://www.linkedin.com/company/asml
Park Energy Services,Developer I,"Oklahoma City, OK 73102",https://www.parkenergyservices.com/,https://www.linkedin.com/company/park-energy-services-llc
CACI,Full Stack Developer,"Hanover, MD 21076",https://www.caci.com/,https://www.linkedin.com/company/caci-international-inc
Integral Ad Science,Staff Software Engineer,"Hybrid work in Chicago, IL",https://leadiq.com/,https://www.linkedin.com/company/integralads
InterImage,Cloud Software Engineer 3,"Annapolis Junction, MD",https://www.iimage.com/,https://www.linkedin.com/company/interimage
"CAT Labs (Crypto Asset Technology Labs, Inc.)",Sr. Software Engineer (Digital Forensics Focus),Remote,https://twitter.com/,https://www.linkedin.com/company/cat-labs
Samsung Electronics,Software Developer Engineer In Test II,"Mountain View, CA",https://www.samsung.com/,https://pk.linkedin.com/company/samsung-electronics
Distillery,Senior Fullstack Developer: React & .NET,United States,https://www.thedistillerydistrict.com/,https://www.linkedin.com/company/distillery-tech
Top Notch Distributors Inc,Application Developer II,"Mansfield, MA 02048",https://www.topnotchinc.com/,https://www.linkedin.com/company/top-notch-distributors-inc
California Department of Housing and Community...,JC-432151 - Telework Option - Hybrid -Web Developer INFORMATION TECHNOLOGY SPECIALIST I,"Hybrid work in Sacramento, CA 95833",https://cahcd.my.site.com/,https://www.linkedin.com/company/californiahcd
CEDENT,Senior UI Software Engineer,"Atlanta, GA",https://www.cedentinc.com/,https://uk.linkedin.com/company/cedent
State Farm,REMOTE Software Engineer- GOSU/Guidewire - Entry/Mid Level,"Hybrid work in Bloomington, IL 61701",https://www.statefarm.com/,https://www.linkedin.com/company/state_farm
Virtusa,React + Nodejs Lead,"Hybrid work in Tampa, FL",https://www.virtusa.com/,https://www.linkedin.com/company/virtusa
Tesla,"Software Engineer, Generalist, Tesla Bot","Palo Alto, CA",https://www.tesla.com/,https://www.linkedin.com/company/tesla-motors
Conversica,Frontend Software Developer Engineer 4,"Seattle, WA",https://www.conversica.com/,https://www.linkedin.com/company/conversica
Daifuku,Software Engineer II,"Clearwater, FL 33764",https://www.daifuku.com/,https://www.linkedin.com/company/daifuku-intralogistics-america
"Garmin International, Inc.",Software Engineer 1,"Yarmouth, ME 04096",https://www.garmin.com/,https://www.linkedin.com/company/garmin
Arcesium,Software Engineer - Infrastructure Team,"Hybrid work in New York, NY",https://www.arcesium.com/,https://www.linkedin.com/company/arcesium
Truist Bank,UI Angular Developer - Hybrid,"Raleigh, NC 27613",https://www.truist.com/,https://www.linkedin.com/company/truistfinancialcorporation
Stratacache,Creative Technologist,"Malvern, PA",https://www.stratacache.com/,https://www.linkedin.com/company/stratacache
Invincible TECH Systems,Software Developer,"Bentonville, AR 72712",https://www.invincibletechsystems.com/,https://www.linkedin.com/company/invincible-tech-systems-inc
CVS Health,Senior Backend Development Engineer II,"Hybrid work in Scottsdale, AZ",https://www.cvshealth.com/,https://www.linkedin.com/company/cvshealth
"FLEXE, Inc.",Software Development Engineer II,"Seattle, WA 98134",https://www.flexe.com/,https://www.linkedin.com/company/flexe
Morgan Stanley,"Associate, Software Engineer","New York, NY 10036",https://www.morganstanley.com/,https://www.linkedin.com/company/morgan-stanley
"IntelliGenesis, LLC",Software Engineer Level 1,"Annapolis Junction, MD",https://intelligenesisllc.com/,https://www.linkedin.com/company/intelligenesis-llc
CVS Health,"Manager, Software QA Engineering","Richardson, TX",https://www.cvshealth.com/,https://www.linkedin.com/company/cvshealth
Raytheon,Software Engineer I- (On-Site),"Marlborough, MA 01752",https://www.rtx.com/,
"MUFG Bank, Ltd.",Software Engineering,"Hybrid work in Tempe, AZ 85281",https://www.mufgemea.com/,https://www.linkedin.com/company/mufg
Google,"Web Solutions Engineer, gUP","Pittsburgh, PA",https://about.google/,
Ampcus Incorporated,Fullstack Solution Architect,Tennessee,https://www.ampcus.com/,https://www.linkedin.com/company/ampcus-inc
DAT,Software Engineer (Front End),"Hybrid work in Beaverton, OR 97008",https://www.dat.com/,https://www.linkedin.com/company/dat-freight-and-analytics
Rekuten Global,Sr. Software Engineer,"San Francisco, CA",https://global.rakuten.com/,https://www.linkedin.com/company/rakuten-international
Capital Group Companies,Software Development Engineer II,"Seattle, WA",https://www.capitalgroup.com/,https://www.linkedin.com/company/capital-group
"Availity, LLC.",Full Stack Java Software Engineer III,Florida,https://www.availity.com/,https://www.linkedin.com/company/availity
DPR Construction,"C# Programmer, Structural Design - GPLA","Baltimore, MD",https://www.dpr.com/,https://www.linkedin.com/company/dpr-construction-inc
CVS Health,Staff Full Stack Development Engineer - Chat Bot AI,"Hybrid work in Hartford, CT",https://www.cvshealth.com/,https://www.linkedin.com/company/cvshealth
Moog Inc.,Software Engineer,"Hybrid work in Arvada, CO",https://www.moog.com/,https://www.linkedin.com/company/moog
Ford Motor Company,Software Engineer,"Hybrid work in Dearborn, MI 48126",https://www.ford.com/,https://www.linkedin.com/company/ford-motor-company
Booz Allen,MEAN Stack Web Developer,"Shaw AFB, SC",https://www.boozallen.com/,https://www.linkedin.com/company/booz-allen-hamilton
Citi,Applications Development Senior Manager,"Hybrid work in Tampa, FL",https://www.citi.com/,https://www.linkedin.com/company/citi
Roo,Lead Full Stack Engineer,"San Francisco, CA",https://roglobal.com/,https://www.linkedin.com/company/roovets
Astreya Partners,Software Engineer III,Florida,https://astreya.com/,https://www.linkedin.com/company/astreya
Cloud Software Group,"Software Engineer (Raleigh, NC)","Raleigh, NC 27603",https://www.cloud.com/,https://www.linkedin.com/company/cloudsoftwaregroup
ANDURIL INDUSTRIES,Gimbal Software Engineer,"Costa Mesa, CA 92626",https://www.anduril.com/,https://www.linkedin.com/company/andurilindustries
f5,Software Engineer I,"Louisville, KY",https://www.f5.com/,https://www.linkedin.com/company/f5
Advanced Acoustic Concepts,Software Engineer,"Hauppauge, NY 11788",https://advancedacousticconcepts.com/,https://www.linkedin.com/company/advanced-acoustic-concepts
Booz Allen,.NET Developer,"Washington, DC",https://www.boozallen.com/,https://www.linkedin.com/company/booz-allen-hamilton
Meta,"Software Engineer, SystemML - Scaling / Performance","Menlo Park, CA 94025",https://about.meta.com/,https://www.linkedin.com/company/meta
IB Systems,"Software Developer, II","Farmington Hills, MI",https://ibroof.com/,https://www.linkedin.com/company/ib-systems-inc.
Avnet,"Sr Manager, Software Engineering (US Remote)",Remote in United States,https://www.avnet.com/,https://www.linkedin.com/company/avnet
Evergrow Inc.,Software Engineer (Backend),"San Francisco, CA",https://www.evergrow.com/,https://www.linkedin.com/company/evergrowhq
Saab Inc.,Associate Software Engineer,"East Syracuse, NY",https://www.saab.com/,https://www.linkedin.com/company/saab-inc-us
Coterie Insurance,Sr Backend Engineer,Remote,https://www.progressive.com/,https://www.linkedin.com/company/coterieinsure
Federal Reserve Bank of Richmond,ServiceNow Developer - Experienced,"Dallas, TX",https://www.facebook.com/,https://www.linkedin.com/company/federal-reserve-bank-of-richmond
Risk Solutions,Software Engineer III,"Boca Raton, FL",https://risk.lexisnexis.com/,https://www.linkedin.com/company/lexisnexis-risk-solutions
Universal Orlando Resort,Lead Software Engineer- Backend NodeJS/REST API,"Orlando, FL",,https://www.linkedin.com/company/universal-orlando-resort
JPMorgan Chase & Co,Software Engineer,"Plano, TX 75024",https://www.jpmorganchase.com/,https://www.linkedin.com/company/jpmorganchase
PayPal,Software Engineer 3,"San Jose, CA",https://www.paypal.com/,https://www.linkedin.com/company/paypal
Apple,UI Software Engineer Apple Services Engineering.,"Seattle, WA",https://www.apple.com/,https://www.linkedin.com/company/apple
McKesson,Associate Software Developer,"Remote in Columbus, OH 43222",https://www.mckesson.com/,https://www.linkedin.com/company/mckesson
Microsoft,Software Engineer 2,"Redmond, WA 98052",https://www.microsoft.com/,https://www.linkedin.com/company/microsoft
Amex,Senior Engineer - BigData Automation,"Hybrid work in Phoenix, AZ",https://www.americanexpress.com/,https://www.linkedin.com/company/american-express
Mad Mobile Inc,Software Engineer,"Tampa, FL 33607",https://madmobile.com/,https://www.linkedin.com/company/mad-mobile
IBaseIT,"Senior Software Engineer(Node.js, AWS-Lambda, Typescript)","Chester, VA 23836",https://www.ibaseit.com/,https://www.linkedin.com/company/ibaseit
Yale August,Backend Engineer,"North Olmsted, OH 44070",https://august.com/,https://www.linkedin.com/company/yale-august
Hologic,Software Verification & Validation Engineer 1,"San Diego, CA",https://www.hologic.com/,https://www.linkedin.com/company/hologic
CHG Healthcare,Software Engineer- Workday,"Salt Lake City, UT",https://chghealthcare.com/,https://www.linkedin.com/company/chg
BNY Mellon,"Senior Vice President, Front-End Engineer","New York, NY",https://www.bnymellon.com/,https://www.linkedin.com/company/bny-mellon
Maxar Technologies,Full Stack Developer,"Chantilly, VA",https://www.maxar.com/,https://www.linkedin.com/company/maxar-technologies-ltd
Cognizant,Lead Node.js Developer w/AWS (Hybrid),"Richmond, VA",https://www.cognizant.com/,
Amazon.com Services LLC,Software Dev Engineer I,"Seattle, WA",https://www.amazon.com/,https://www.linkedin.com/company/amazon
Fidelity Investments,Senior Software Engineer (Front end / Angular focused),"Westlake, TX 76262",https://www.fidelity.com/,
Genesys,Software Engineer - Solutions and Delivery,Remote in Indiana,https://www.genesys.com/,https://www.linkedin.com/company/genesys
EVONA,Junior Backend Software Engineer,Colorado,https://www.evona.com/,https://www.linkedin.com/company/evona-space
Apple,Systems Software Developer,"Sunnyvale, CA",https://www.apple.com/,https://www.linkedin.com/company/apple
Ford Motor Company,Software Engineer,"Hybrid work in Dearborn, MI 48124",https://www.ford.com/,https://www.linkedin.com/company/ford-motor-company
InterImage,UI Software Engineer,"Annapolis Junction, MD",https://www.iimage.com/,https://www.linkedin.com/company/interimage
American Express Global Business Travel,SOFTWARE DEVELOPMENT ENGINEER III,"Chicago, IL",https://www.amexglobalbusinesstravel.com/,https://www.linkedin.com/company/american-express-global-business-travel
Kandji,Software Engineer,"San Francisco, CA",https://leadiq.com/,https://www.linkedin.com/company/kandji
Freddie Mac,"Agile Development, Professional-- Java, Springboot, Angular (Hybrid - 3 Days in Office)","McLean, VA 22102",https://www.freddiemac.com/,https://www.linkedin.com/company/freddie-mac
f5,Software Engineer II,"San Jose, CA",https://www.f5.com/,https://www.linkedin.com/company/f5
W.L. Gore & Associates,IT Software DevOps / Site Reliability Engineer,"Flagstaff, AZ 86001",https://www.gore.com/,https://www.linkedin.com/company/gore
CACI,"Software Developer, Junior","Springfield, VA 22150",https://www.caci.com/,https://www.linkedin.com/company/caci-international-inc
Deloitte,Full Stack Developer,"Rosslyn, VA",https://www.deloitte.com/,https://www.linkedin.com/company/deloitte
g2o,SFCC Engineer,Remote,https://g2o.com/,https://www.linkedin.com/company/team-g2o
GDN Infotech,Consultant (Software Engineer),"Indianapolis, IN",https://www.zoominfo.com/,https://www.linkedin.com/company/gdninfo
Analog Devices,Staff Engineer Software Development,"Wilmington, MA",https://www.analog.com/,https://www.linkedin.com/company/analog-devices
AT&T,Professional-Software Engineer,"Dallas, TX 75202",https://languages.oup.com/,
Tek Ninjas,"Software Engineer(Node.js, Webservices API, PostgreSQL)",Texas,https://tekninjas.com/,https://www.linkedin.com/company/tekninjas
Coinbase,Software Engineer,Remote,https://www.coinbase.com/,https://www.linkedin.com/company/coinbase
Radancy,Front End Engineer,United States,https://www.radancy.com/,https://www.linkedin.com/company/radancy
Forrester,Principal Frontend Software Engineer,"Cambridge, MA 02140",https://www.forrester.com/,https://www.linkedin.com/company/forrester-research
Thrive Causemetics,Senior Software Engineer,"Los Angeles, CA",https://thrivecausemetics.com/,https://www.linkedin.com/company/thrive-causemetics
ADP,Digital Marketing Manager / Front-End Developer,"Roseland, NJ 07068",https://www.adp.com/,https://www.linkedin.com/company/adp
Federal Reserve Bank of Dallas,Software Engineer,"Hybrid work in Dallas, TX 75201",https://www.facebook.com/,https://www.linkedin.com/company/dallasfed
FIS Global,DevOps Software Engineer,"Birmingham, AL 35212",https://www.fisglobal.com/,https://www.linkedin.com/company/fis
State of New Mexico,"Engineer, Software","Santa Fe, NM 87505",https://www.nm.gov/,https://www.linkedin.com/company/new-mexico-department-of-information-technology
NTT DATA,.NET Full Stack Developer,"Oaks, PA 19456",https://www.nttdata.com/,https://www.linkedin.com/company/ntt-data-americas
Featurespace,Software Engineer,"Atlanta, GA",https://www.featurespace.com/,https://www.linkedin.com/company/featurespace
Delve Deep Learning Inc.,Junior Software Engineer,"Hybrid work in Washington, DC",https://www.delve.com/,https://www.linkedin.com/company/delvedeeper
Gehan Homes LTD,Full-Stack Developer,"Addison, TX 75001",https://leadiq.com/,https://www.linkedin.com/company/gehan-homes
Berkshire Hathaway Energy Company,Software Engineer I/II or III - Robotic Process Automation/Oracle APEX,"Des Moines, IA 50309",https://www.brkenergy.com/,https://www.linkedin.com/company/berkshire-hathaway-energy
EPAM Systems,Software Engineer,"Phoenix, AZ 85001",https://www.epam.com/,https://www.linkedin.com/company/epam-systems
Verily,"Frontend Software Engineer, Workbench","Boston, MA",https://verily.com/,https://www.linkedin.com/company/verily
Verkada,Security Software Engineer - University Graduate 2024,"San Mateo, CA",https://www.verkada.com/,https://www.linkedin.com/company/verkada
Verkada,Security Software Engineer - University Graduate 2024,"San Mateo, CA",https://www.verkada.com/,https://www.linkedin.com/company/verkada
OSF Commerce,Full Stack Software Engineer (JavaScript / Node.js),Remote in United States,https://btsone.com/,https://pk.linkedin.com/company/osf-digital
OSF Digital,Full Stack Software Engineer (JavaScript / Node.js),Remote in United States,https://btsone.com/,https://pk.linkedin.com/company/osf-digital
Atlassian,"Software Engineer, Media & Intelligence at Loom","San Francisco, CA 94104",https://www.atlassian.com/,https://www.linkedin.com/company/atlassian
Morgan Stanley,Software Engineer - Parametric (.Net),"New York, NY 10036",https://www.morganstanley.com/,https://www.linkedin.com/company/morgan-stanley
Tokyo Electron Limited,Software Development Engineer I,"Chaska, MN",https://www.semishareprober.com/,https://www.linkedin.com/company/tokyo-electron
Berkshire Hathaway Energy Company,Software Engineer I/II or III - Robotic Process Automation/Oracle APEX,"Des Moines, IA 50309",https://www.brkenergy.com/,https://www.linkedin.com/company/berkshire-hathaway-energy
Travelport,Software Development Engineer I,"Centennial, CO",https://www.travelport.com/,https://www.linkedin.com/company/travelport
INTEL,GPU Software Development Engineer,"Folsom, CA",https://www.intel.com/,https://www.linkedin.com/company/intel-corporation
"Midland Credit Management, Inc.",Senior Software Engineer (DevOps),"San Diego, CA 92108",https://www.midlandcredit.com/,https://www.linkedin.com/company/midland-credit-management-inc
thyssenkrupp Presta North America LLC,Software Engineer,"Fishers, IN 46037",https://www.thyssenkrupp.com/,https://www.linkedin.com/company/thyssenkrupp
Microsoft,Software Engineer,"Redmond, WA 98052",https://www.microsoft.com/,https://www.linkedin.com/company/microsoft
T-Mobile,"Engineers, Software","Overland Park, KS 66251",https://www.t-mobile.com/,https://www.linkedin.com/company/t-mobile
Super Micro Computer,Software Engineer,"San Jose, CA 95131",https://www.supermicro.com/,https://www.linkedin.com/company/supermicro
American Express Global Business Travel,SOFTWARE DEVELOPMENT ENGINEER II,"Chicago, IL",https://www.amexglobalbusinesstravel.com/,https://www.linkedin.com/company/american-express-global-business-travel
Peraton,Junior Software Engineer / Frontend Developer,"Hybrid work in Arlington, VA",https://www.peraton.com/,https://www.linkedin.com/company/peraton
ASM International,Software Engineer,"Phoenix, AZ",https://www.asm.com/,https://www.linkedin.com/company/asm
e2Companies LLC,Jr Software Engineer,"Bonita Springs, FL 34135",https://www.e2companies.com/,https://www.linkedin.com/company/e2companies
CVS Health,Software Engineer,"Remote in Austin, TX",https://www.cvshealth.com/,https://www.linkedin.com/company/cvshealth
Jacobs Engineering Group Inc.,Software Engineer 1,"Hudson, NH 03051",https://www.jacobs.com/,https://www.linkedin.com/company/jacobs
Delta Airlines,"Software Development Engineer, Crew","Atlanta, GA",https://www.delta.com/,https://www.linkedin.com/company/delta-air-lines
Hagerty,Software Engineer,Remote in United States,https://www.hagerty.com/,https://www.linkedin.com/company/hagertycars
bioMerieux SA,Associate Principal Software Engineer,"Hazelwood, MO 63042",https://www.biomerieux.com/,https://pk.linkedin.com/company/biomerieux
Technology Service Corporation,Software Engineer I (Evergreen),"Silver Spring, MD",,https://www.linkedin.com/company/technology-service-corporation-tsc-
Salesforce,Senior Software Engineer,"San Francisco, CA 94105",,https://www.linkedin.com/company/salesforce
Super Micro Computer,Software Engineer,"San Jose, CA 95131",https://www.supermicro.com/,https://www.linkedin.com/company/supermicro
OSF Digital,Full Stack Software Engineer (JavaScript / Node.js),Remote in United States,,https://pk.linkedin.com/company/osf-digital
Amex,Engineer,"Hybrid work in New York, NY",,https://www.linkedin.com/company/american-express
Zel Technologies,Software Developer- Junior,"Melbourne, FL 32940",,https://www.linkedin.com/company/zel-technologies
CoxHealth,IT Software Engineer,"Springfield, MO",,https://www.linkedin.com/company/coxhealth
Trane Technologies,Software Engineer,"Saint Paul, MN 55110",,https://ie.linkedin.com/company/tranetechnologies
Data Society,Senior Software Engineer,"Richmond, VA",,https://www.linkedin.com/company/data-society
ActBlue,DevOps Engineer II,Remote,,https://www.linkedin.com/company/actblue
"Midland Credit Management, Inc.",Senior Software Engineer (DevOps),"San Diego, CA 92108",,https://www.linkedin.com/company/midland-credit-management-inc
United States Steel Corporation,MANAGEMENT ASSOCIATE - SOFTWARE ENGINEER,"Braddock, PA",,https://www.linkedin.com/company/u-s-steel
University of Washington,SOFTWARE ENGINEER,"Hybrid work in Seattle, WA 98195",,https://www.linkedin.com/company/university-of-washington-school-of-dentistry
State of New Mexico,Software Engineer,"Remote in Santa Fe, NM 87505",,https://www.linkedin.com/company/state-of-new-mexico
Jacobs Engineering Group Inc.,Software Engineer 1,"Hudson, NH 03051",,https://www.linkedin.com/company/jacobs
EPAM Systems,Software Engineer,"Phoenix, AZ 85001",,https://www.linkedin.com/company/epam-systems
"Amazon Web Services, Inc.",Software Engineer II,"Seattle, WA",,https://www.linkedin.com/company/amazon-web-services
Hagerty,Software Engineer,Remote in United States,,https://www.linkedin.com/company/hagertycars
T-Mobile,"Engineers, Software","Overland Park, KS 66251",,https://www.linkedin.com/company/t-mobile
Choice Hotels,Software Engineer 3 (Hybrid),"Scottsdale, AZ 85251",,https://www.linkedin.com/company/choice-hotels-international
Tokyo Electron Limited,Software Development Engineer I,"Chaska, MN",,https://www.linkedin.com/company/tokyo-electron
Data Society,Senior Software Engineer,"Richmond, VA",,https://www.linkedin.com/company/data-society
InComm Payments,Software Engineer I,Remote in United States,,https://www.linkedin.com/company/incommpayments
Publix,Associate Software Engineer – POS,"Hybrid work in Lakeland, FL 33815",,https://www.linkedin.com/company/publix-super-markets
"Amazon Web Services, Inc.",Software Engineer II,"Seattle, WA",,https://www.linkedin.com/company/amazon-web-services
GE HEALTHCARE,Software Engineer,"Hybrid work in Washington, DC",,
Swing Education,Software Engineer II,Remote in California,,
Elenchus Technologies,Software Engineer 0 – RRTN-8223,United States,,
e2Companies LLC,Jr Software Engineer,"Bonita Springs, FL 34135",,
Blackhawk Network,Software Engineer II,"Pleasanton, CA 94588",,
OSF Commerce,Full Stack Software Engineer (JavaScript / Node.js),Remote in United States,,
Oracle,Software Developer,"Seattle, WA",,
InComm Payments,Software Engineer I,Remote in United States,,
Redpanda Data,"Software Engineer, Connectors",Remote,,
Boston Dynamics,Software Engineer - Atlas Behavior Learning,"Waltham, MA",,
Technology Service Corporation,Software Engineer I (Evergreen),"Silver Spring, MD",,
GN Group,Global Software Service Engineer,"Remote in Lowell, MA",,
Fairfax County Public Schools,Software Developer I/II,"Wilton Woods, VA",,
thyssenkrupp Presta North America LLC,Software Engineer,"Fishers, IN 46037",,
Oracle,Software Developer,"Seattle, WA",,
"Iridium Satellite, LLC",Software Development Engineer I,"Hybrid work in Tempe, AZ 85284",,
Elenchus Technologies,Software Engineer 0 – RRTN-8223,United States,,
Publix,Associate Software Engineer – POS,"Hybrid work in Lakeland, FL 33815",,
SS&C,Software Engineer,"Kansas City, MO",,
Trane Technologies,Software Engineer,"Saint Paul, MN 55110",,
SIS,Front End Engineer,"Austin, TX",,
State Farm,Software Engineer,"Bloomington, IL 61701",,
"Iridium Satellite, LLC",Software Development Engineer I,"Hybrid work in Tempe, AZ 85284",,
Frost Bank,SOFTWARE DEVELOPMENT ENGINEER IN TEST,"San Antonio, TX",,
Nyla Technology Solutions,Software Engineer Level 0,"Annapolis Junction, MD 20701",,
Gartner,Frontend Software Engineer (MarTech) - Digital Markets,"Hybrid work in Austin, TX",,
Honey,Fullstack Staff Software Engineer,Colorado,,
AppFolio,Software Engineer II (FolioGuard),"San Diego, CA 92123",,
University of Kansas Medical Center,Biomedical Informatics Software Engineer- Research Administration,"Kansas City, KS 66160",,
Blackhawk Network,Software Engineer II,"Pleasanton, CA 94588",,
Heritage Bank,Software Developer (On-Site - Washington State),"Bellingham, WA 98226",,
"Unison Software, Inc.",.NET Software Engineer - US Remote Opportunity,Remote in United States,,
"Amazon Web Services, Inc.","Software Development Engineer, Amazon Games","Seattle, WA",,
GN Group,Global Software Service Engineer,"Remote in Lowell, MA",,
M&T Bank,Software Engineer III,"Wilmington, DE 19801",,
Farm Credit Mid-America,Junior Software Developer,"Louisville, KY 40299",,
LitePoint,Software Engineer,"San Jose, CA",,
Mastercard,Software Engineer II,"Hybrid work in O'Fallon, MO 63368",,
"VIZIO, Inc.",Senior Software Engineer,"Seattle, WA 98119",,
SKYGEN USA,Manager - Software Development,Remote,,
"NVR, Inc",Software Engineer,"Reston, VA",,
Thales,AI Software Engineer,"Cincinnati, OH 45202",,
"EBSCO Industries, Inc.",SOFTWARE ENGINEER II,"Ipswich, MA 01938",,
City Storage Systems,Infrastructure - Backend Software Engineer - Seattle,"Seattle, WA",,
Bose,Algorithms Software Engineer,"Framingham, MA",,
Lawrence Livermore National Laboratory,Research Software Engineer,"Hybrid work in Livermore, CA",,
Knife River Corporation,Software Developer,"Bismarck, ND",,
"Melaleuca, Inc.",Software Engineer,"Idaho Falls, ID 83402",,
"Hanger, Inc.",Software Engineer - Oracle Cloud,Remote,,
MIT,Software Engineer,"Cambridge, MA 02139",,
Blackhawk Network,Staff Software Engineer (Hybrid),"Pleasanton, CA 94588",,
Memorial Sloan Kettering Cancer Center,Bioinformatics Software Engineer III,"New York, NY 10065",,
TempWorks Software,Software Engineer,"Eagan, MN 55121",,
INTEL,Software Engineer,"Phoenix, AZ",,
Uber,"Software Engineer II, Frontend (Web)","San Francisco, CA",,
Workday,Software Development Engineer,"Atlanta, GA",,
The Hartford,Software Engineer - Hybrid,"Hybrid work in Hartford, CT",,
HII,Quality Assurance (Engineer Software Quality 1) - 19280,"Fairfax, VA 22030",,
Autodesk,Software Engineer,"San Francisco, CA",,
The Hartford,Software Engineer,"Hybrid work in Hartford, CT",,
Beyondsoft Consulting,Software Design Engineer,"Redmond, WA",,
Stier Solutions,Software Developer,"Fort Mill, SC 29707",,
VINCI School,Software Engineer,"Fairfax, VA 22031",,
Amadeus,Associate Software Engineer,"Irving, TX 75062",,
GEICO,Software Engineer,"Chevy Chase, MD",,
Schlumberger,Front End Software Engineer,"Hybrid work in Houston, TX",,
Mine Vision Systems,Frontend Software Engineer,"Hybrid work in Pittsburgh, PA 15206",,
Rippling,Staff Software Engineer - Time Products,"San Francisco, CA",,
Ameriprise Financial,Software Engineer,"Hybrid work in Minneapolis, MN 55474",,
Caesars Entertainment,Java Engineer - Betting,United States,,
Owner,"Senior Software Engineer, React Native",Remote,,
Plaid,Software Engineer - Credit,"Hybrid work in San Francisco, CA",,
City of Minneapolis,Software Engineer II,"Hybrid work in Minneapolis, MN 55405",,
Confluent,Software Engineer,"Austin, TX",,
Shipt,Engineer,Remote,,
Solix Technologies,Software Engineer Location:,"Lewisville, TX",,
Lytx,Staff Software Engineer,"San Diego, CA",,
IXL Learning,"Software Engineer, DevOps","San Mateo, CA",,
BASF Corporation,Senior Software Engineer 1,"Southfield, MI 48033",,
Twin State Technical Services LTD,Software Engineer III,"Davenport, IA 52807",,
MIT,"Software Engineer, Jazayeri Lab","Cambridge, MA 02139",,
Harris Associates,Software Engineer,"Chicago, IL 60606",,
Chicago Trading Company (CTC),UI Software Engineer,"Chicago, IL",,
Cornerstone Defense,Software Engineer,United States,,
SPX,Software Engineer,"Hybrid work in Orlando, FL",,
Micron,IT Software Engineer,"Boise, ID",,
Unify Solutions,Software Engineer,United States,,
Warner Bros. Discovery,Senior Software Engineer,"Seattle, WA 98101",,
Lockheed Martin Corporation,Software Engineer - Early Career,"King of Prussia, PA",,
PRADCO Outdoor Brands,Software Engineer,"Birmingham, AL 35242",,
Snapchat,"Machine Learning Engineer, 1+ Years of Experience","Los Angeles, CA 90291",,
Best Egg,Software Engineer - Flexible Rent,"Wilmington, DE",,
Cisco Systems,Software QA Engineer,"Boxborough, MA",,
Sigma Group,Fullstack Software Engineer,"San Diego, CA",,
"Jefferies & Company, Inc.","Software Engineer, Compliance","Jersey City, NJ",,
GE HEALTHCARE,Software Engineer,"Washington, DC",,
Chatsworth Products,Software Engineer II,"Round Rock, TX 78665",,
Via,"Staff Engineer, Backend","New York, NY",,
Airrosti,Software Engineer - .NET,"San Antonio, TX 78232",,
Supna Healthcare Solutions,Software Developer II,"Norcross, GA",,
"Fiserv, Inc.",Software Development Engineer,"Fishers, IN 46037",,
Mintmesh,Software Engineer (Vue.js),"Detroit, MI 48243",,
Citizens,Software Engineer I,"Iselin, NJ 08830",,
Meridian Technologies,Software Planning & Validation Engineer,"Chillicothe, IL 61523",,
ARi,Software Engineer,"Peoria, IL",,
Enova International,Senior Software Engineer (Hybrid),"Chicago, IL",,
PropelSys,Software Engineer,"Plano, TX 75093",,
DocuSign,"Software Engineer, Back End","San Francisco, CA",,
Accelya,Engineer I - Software development,"Hybrid work in Miami, FL",,
East Coast Tech Online,Online Software Development Academic Support Specialist,Remote,,
State Street,Senior Software Engineer 1,"Burlington, MA",,
LT Technology Services,Software Engineer,"Cedar Rapids, IA",,
Magna International Inc.,Student - Engineering Software - ASI,"Auburn Hills, MI 48326",,
Cambium Learning Group,Senior Software Engineer I,"Washington, DC",,
University of Dayton,Associate Software Engineer,"Dayton, OH 45469",,
Electronic Arts,Software Engineer II,Hybrid work in Florida,,
HII,"Software Engineer, Associate (Engineer Software 1) - 19141","Hanover, MD 21076",,
Westinghouse Electric Co,Software Engineer,"Cranberry Township, PA",,
MetLife,Software Development Engineer II,"Hybrid work in Cary, NC",,
Memorial Sloan Kettering Cancer Center,Bioinformatics Software Engineer IV,"New York, NY 10017",,
Netflix,Software Engineer (L6) - SVOD Transport Protocol Development,Remote,,
Broadcom,Senior Software Engineer,"Plano, TX",,
Southland Credit Union,Software Engineer,"Los Alamitos, CA 90720",,
CCC Information Services Inc.,Software Engineers,"Chicago, IL",,
Intone Networks,Sr. Front End Software Engineer with Maui,"Washington, DC 20001",,
General Motors,Software Engineer,"Hybrid work in Warren, MI",,
Employment Hero,"Backend Software Engineer (TypeScript, NodeJS), Platform",Remote,,
NCR,Software Engineer IV - Fullstack,Indiana,,
Grainger,Software Engineer II,"Lake Forest, IL 60045",,
All Turtles,"Staff Software Engineer, Backend for mmhmm","New York, NY",,
