Job Title,Company Name,Location
Software Engineer - Infrastructure Team,Arcesium,"Hybrid work in New York, NY"
"Associate, Software Engineer",Morgan Stanley,"New York, NY 10036"
Software Development Engineer II,Capital Group Companies,"Seattle, WA"
Software Engineer III,Astreya Partners,Florida
Software Engineer (Backend),Evergrow Inc.,"San Francisco, CA"
Associate Software Developer,McKesson,"Remote in Columbus, OH 43222"
Software Dev Engineer I,Amazon.com Services LLC,"Seattle, WA"
Software Engineer II,f5,"San Jose, CA"
Software Engineer,Coinbase,Remote
"Engineer, Software",State of New Mexico,"Santa Fe, NM 87505"
Security Software Engineer - University Graduate 2024,Verkada,"San Mateo, CA"
Software Engineer,Microsoft,"Redmond, WA 98052"
Engineer,Amex,"Hybrid work in New York, NY"
Software Engineer,State of New Mexico,"Remote in Santa Fe, NM 87505"
"Software Engineer, Generalist, Tesla Bot",Tesla,"Palo Alto, CA"
Software Development Engineer II,"FLEXE, Inc.","Seattle, WA 98134"
Software Engineer (Front End),DAT,"Hybrid work in Beaverton, OR 97008"
Software Engineer I,f5,"Louisville, KY"
Sr Backend Engineer,Coterie Insurance,Remote
Backend Engineer,Yale August,"North Olmsted, OH 44070"
Software Engineer,Ford Motor Company,"Hybrid work in Dearborn, MI 48124"
Consultant (Software Engineer),GDN Infotech,"Indianapolis, IN"
Software Engineer,Federal Reserve Bank of Dallas,"Hybrid work in Dallas, TX 75201"
Software Engineer I/II or III - Robotic Process Automation/Oracle APEX,Berkshire Hathaway Energy Company,"Des Moines, IA 50309"
Software Engineer - Parametric (.Net),Morgan Stanley,"New York, NY 10036"
SOFTWARE DEVELOPMENT ENGINEER II,American Express Global Business Travel,"Chicago, IL"
Software Engineer,Super Micro Computer,"San Jose, CA 95131"
Software Engineer 1,Jacobs Engineering Group Inc.,"Hudson, NH 03051"
Software Engineer 1,"Garmin International, Inc.","Yarmouth, ME 04096"
"Web Solutions Engineer, gUP",Google,"Pittsburgh, PA"
Software Engineer,Moog Inc.,"Hybrid work in Arvada, CO"
Gimbal Software Engineer,ANDURIL INDUSTRIES,"Costa Mesa, CA 92626"
Associate Software Engineer,Saab Inc.,"East Syracuse, NY"
Software Engineer 2,Microsoft,"Redmond, WA 98052"
Senior Software Engineer (Front end / Angular focused),Fidelity Investments,"Westlake, TX 76262"
Software Engineer,Kandji,"San Francisco, CA"
Front End Engineer,Radancy,United States
Junior Software Engineer,Delve Deep Learning Inc.,"Hybrid work in Washington, DC"
Full Stack Software Engineer (JavaScript / Node.js),OSF Digital,Remote in United States
Senior Software Engineer (DevOps),"Midland Credit Management, Inc.","San Diego, CA 92108"
Software Engineer,Lowe's,"Charlotte, NC"
Software Engineer,Hagerty,Remote in United States
Senior Software Engineer,Data Society,"Richmond, VA"
Software Engineer II,Daifuku,"Clearwater, FL 33764"
Software Engineer I- (On-Site),Raytheon,"Marlborough, MA 01752"
Software Engineer,Ford Motor Company,"Hybrid work in Dearborn, MI 48126"
Software Engineer,Advanced Acoustic Concepts,"Hauppauge, NY 11788"
Software Engineer 3,PayPal,"San Jose, CA"
Software Verification & Validation Engineer 1,Hologic,"San Diego, CA"
Junior Backend Software Engineer,EVONA,Colorado
Professional-Software Engineer,AT&T,"Dallas, TX 75202"
Software Engineer,Featurespace,"Atlanta, GA"
Full Stack Software Engineer (JavaScript / Node.js),OSF Commerce,Remote in United States
Software Engineer,thyssenkrupp Presta North America LLC,"Fishers, IN 46037"
Software Engineer,CVS Health,"Remote in Austin, TX"
Software Engineer,EPAM Systems,"Phoenix, AZ 85001"
Software Development Engineer I,Tokyo Electron Limited,"Chaska, MN"
Software Development Engineer,Adobe,"San Jose, CA 95110"
"Engineers, Software",T-Mobile,"Overland Park, KS 66251"
Jr Software Engineer,e2Companies LLC,"Bonita Springs, FL 34135"
Software Engineer I (Evergreen),Technology Service Corporation,"Silver Spring, MD"
Software Engineer,Trane Technologies,"Saint Paul, MN 55110"
SOFTWARE ENGINEER,University of Washington,"Hybrid work in Seattle, WA 98195"
Software Engineer 3 (Hybrid),Choice Hotels,"Scottsdale, AZ 85251"
Software Engineer,GE HEALTHCARE,"Hybrid work in Washington, DC"
"Software Engineer, Connectors",Redpanda Data,Remote
"Frontend Software Engineer, Workbench",Verily,"Boston, MA"
Software Development Engineer I,Travelport,"Centennial, CO"
Software Engineer,ASM International,"Phoenix, AZ"
Associate Principal Software Engineer,bioMerieux SA,"Hazelwood, MO 63042"
Software Developer- Junior,Zel Technologies,"Melbourne, FL 32940"
DevOps Engineer II,ActBlue,Remote
Software Engineer II,"Amazon Web Services, Inc.","Seattle, WA"
Software Engineer I,InComm Payments,Remote in United States
Software Engineer 0 – RRTN-8223,Elenchus Technologies,United States
Software Developer I/II,Fairfax County Public Schools,"Wilton Woods, VA"
"Software Engineer, Media & Intelligence at Loom",Atlassian,"San Francisco, CA 94104"
GPU Software Development Engineer,INTEL,"Folsom, CA"
Junior Software Engineer,EVONA,California
Junior Software Engineer / Frontend Developer,Peraton,"Hybrid work in Arlington, VA"
"Software Development Engineer, Crew",Delta Airlines,"Atlanta, GA"
Senior Software Engineer,Salesforce,"San Francisco, CA 94105"
IT Software Engineer,CoxHealth,"Springfield, MO"
MANAGEMENT ASSOCIATE - SOFTWARE ENGINEER,United States Steel Corporation,"Braddock, PA"
Software Engineer II,Swing Education,Remote in California
Software Engineer - Atlas Behavior Learning,Boston Dynamics,"Waltham, MA"
Associate Software Engineer – POS,Publix,"Hybrid work in Lakeland, FL 33815"
Software Developer,Oracle,"Seattle, WA"
Software Development Engineer I,"Iridium Satellite, LLC","Hybrid work in Tempe, AZ 85284"
"Site Reliability Software Engineer, Google Cloud",Google,"New York, NY"
Fullstack Staff Software Engineer,Honey,Colorado
Software Developer (On-Site - Washington State),Heritage Bank,"Bellingham, WA 98226"
Software Engineer III,M&T Bank,"Wilmington, DE 19801"
Senior Software Engineer,"VIZIO, Inc.","Seattle, WA 98119"
SOFTWARE ENGINEER II,"EBSCO Industries, Inc.","Ipswich, MA 01938"
Software Developer,Knife River Corporation,"Bismarck, ND"
Staff Software Engineer (Hybrid),Blackhawk Network,"Pleasanton, CA 94588"
"Software Engineer II, Frontend (Web)",Uber,"San Francisco, CA"
Front End Engineer,SIS,"Austin, TX"
Frontend Software Engineer (MarTech) - Digital Markets,Gartner,"Hybrid work in Austin, TX"
Software Engineer II,Blackhawk Network,"Pleasanton, CA 94588"
Global Software Service Engineer,GN Group,"Remote in Lowell, MA"
Software Engineer,State Farm,"Bloomington, IL 61701"
Software Engineer II,Mastercard,"Hybrid work in O'Fallon, MO 63368"
AI Software Engineer,Thales,"Cincinnati, OH 45202"
Research Software Engineer,Lawrence Livermore National Laboratory,"Hybrid work in Livermore, CA"
Software Engineer,MIT,"Cambridge, MA 02139"
Software Engineer,INTEL,"Phoenix, AZ"
Quality Assurance (Engineer Software Quality 1) - 19280,HII,"Fairfax, VA 22030"
Software Engineer,SS&C,"Kansas City, MO"
Software Engineer Level 0,Nyla Technology Solutions,"Annapolis Junction, MD 20701"
Biomedical Informatics Software Engineer- Research Administration,University of Kansas Medical Center,"Kansas City, KS 66160"
"Software Development Engineer, Amazon Games","Amazon Web Services, Inc.","Seattle, WA"
Software Engineer,LitePoint,"San Jose, CA"
Lead Software Engineer (Front End),Disney Entertainment & ESPN Technology,"Seattle, WA"
Software Engineer,"NVR, Inc","Reston, VA"
Algorithms Software Engineer,Bose,"Framingham, MA"
Software Engineer - Oracle Cloud,"Hanger, Inc.",Remote
Software Engineer,TempWorks Software,"Eagan, MN 55121"
Software Engineer - Hybrid,The Hartford,"Hybrid work in Hartford, CT"
SOFTWARE DEVELOPMENT ENGINEER IN TEST,Frost Bank,"San Antonio, TX"
Software Engineer II (FolioGuard),AppFolio,"San Diego, CA 92123"
Senior Software Engineer - Parametric (Python),Morgan Stanley,"Seattle, WA"
Senior Software Engineer,ASML,"San Diego, CA"
.NET Software Engineer - US Remote Opportunity,"Unison Software, Inc.",Remote in United States
Junior Software Developer,Farm Credit Mid-America,"Louisville, KY 40299"
Manager - Software Development,SKYGEN USA,Remote
Infrastructure - Backend Software Engineer - Seattle,City Storage Systems,"Seattle, WA"
Software Engineer,"Melaleuca, Inc.","Idaho Falls, ID 83402"
Bioinformatics Software Engineer III,Memorial Sloan Kettering Cancer Center,"New York, NY 10065"
Software Development Engineer,Workday,"Atlanta, GA"
Software Engineer,The Hartford,"Hybrid work in Hartford, CT"
Software Engineer II,Microsoft,"Redmond, WA 98052"
Software Engineer,Autodesk,"San Francisco, CA"
"Senior Mission Software Engineer, Maritime",ANDURIL INDUSTRIES,"Boston, MA"
"Sr. Engineer, Software",State of New Mexico,"Santa Fe, NM 87505"
Software Engineer,VINCI School,"Fairfax, VA 22031"
Frontend Software Engineer,Mine Vision Systems,"Hybrid work in Pittsburgh, PA 15206"
Applied Research Software Engineer,Ford Motor Company,"Hybrid work in Dearborn, MI 48126"
"Senior Software Engineer, React Native",Owner,Remote
Engineer,Shipt,Remote
Senior Software Engineer 1,BASF Corporation,"Southfield, MI 48033"
Software Engineer - Backend,Adobe,"New York, NY 10012"
UI Software Engineer,Chicago Trading Company (CTC),"Chicago, IL"
Software Engineer - Early Career,Lockheed Martin Corporation,"King of Prussia, PA"
"Machine Learning Engineer, 1+ Years of Experience",Snapchat,"Los Angeles, CA 90291"
"Co-Op, Software Engineer (July",Hologic,"Marlborough, MA 01752"
"Robotics Software Engineer, CVPR 2024 Event Only",ANDURIL INDUSTRIES,"Seattle, WA"
Software Engineer II,Chatsworth Products,"Round Rock, TX 78665"
Software Design Engineer,Beyondsoft Consulting,"Redmond, WA"
Software Engineer,GEICO,"Chevy Chase, MD"
Software Engineer,Ameriprise Financial,"Hybrid work in Minneapolis, MN 55474"
Software Engineer - Credit,Plaid,"Hybrid work in San Francisco, CA"
Staff Software Engineer,Lytx,"San Diego, CA"
Software Engineer III,Twin State Technical Services LTD,"Davenport, IA 52807"
Embedded Software Engineer - Marine Wearables & Handhelds,"Garmin International, Inc.","Cary, NC 27518"
Software Engineer,SPX,"Hybrid work in Orlando, FL"
Senior Software Engineer,Warner Bros. Discovery,"Seattle, WA 98101"
Software Engineer,PRADCO Outdoor Brands,"Birmingham, AL 35242"
Fullstack Software Engineer,Sigma Group,"San Diego, CA"
Software Developer,Stier Solutions,"Fort Mill, SC 29707"
Front End Software Engineer,Schlumberger,"Hybrid work in Houston, TX"
Java Engineer - Betting,Caesars Entertainment,United States
Software Engineer,Confluent,"Austin, TX"
"Software Engineer, DevOps",IXL Learning,"San Mateo, CA"
Software Engineer,Harris Associates,"Chicago, IL 60606"
Software Engineer,Unify Solutions,United States
Software Engineer - Flexible Rent,Best Egg,"Wilmington, DE"
"Software Engineer, Compliance","Jefferies & Company, Inc.","Jersey City, NJ"
Senior Software Development Engineer,American Express Global Business Travel,"Bellevue, WA"
"Staff Engineer, Backend",Via,"New York, NY"
Associate Software Engineer,Amadeus,"Irving, TX 75062"
Staff Software Engineer - Time Products,Rippling,"San Francisco, CA"
Software Engineer II,City of Minneapolis,"Hybrid work in Minneapolis, MN 55405"
Software Engineer Location:,Solix Technologies,"Lewisville, TX"
"Software Engineer, Jazayeri Lab",MIT,"Cambridge, MA 02139"
Software Engineer,Cornerstone Defense,United States
IT Software Engineer,Micron,"Boise, ID"
Software QA Engineer,Cisco Systems,"Boxborough, MA"
Software Engineer,GE HEALTHCARE,"Washington, DC"
Software Engineer - .NET,Airrosti,"San Antonio, TX 78232"
Sr Software Engineer,f5,"Seattle, WA"
Software Development Engineer,Micron,"Manassas, VA"
Sr. Front End Software Engineer with Maui,Intone Networks,"Washington, DC 20001"
Software Engineers,CCC Information Services Inc.,"Chicago, IL"
Software Engineer,Southland Credit Union,"Los Alamitos, CA 90720"
Software Engineer,General Motors,"Hybrid work in Warren, MI"
Software Engineer IV - Fullstack,NCR,Indiana
"Backend Software Engineer (TypeScript, NodeJS), Platform",Employment Hero,Remote
Sr Software Development Engineer,Adobe,"San Jose, CA 95110"
"Staff Software Engineer, Backend for mmhmm",All Turtles,"New York, NY"
IT Software Engineer II,State of New Mexico,"Santa Fe, NM 87505"
Software Engineer II,Grainger,"Lake Forest, IL 60045"
Software Test Engineer,Trane Technologies,"La Crosse, WI 54601"
Software Developer II,Supna Healthcare Solutions,"Norcross, GA"
Software Development Engineer,"Fiserv, Inc.","Fishers, IN 46037"
Software Development Engineer,Adobe,"San Jose, CA 95110"
Software Engineer,ARi,"Peoria, IL"
Software Engineer,PropelSys,"Plano, TX 75093"
Senior Software Engineer 1,State Street,"Burlington, MA"
Student - Engineering Software - ASI,Magna International Inc.,"Auburn Hills, MI 48326"
Associate Software Engineer,University of Dayton,"Dayton, OH 45469"
Software Engineer 3,InterImage,"Laurel, MD"
Senior Software Engineer,Saab Inc.,New York State
"Software Engineer, Associate (Engineer Software 1) - 19141",HII,"Hanover, MD 21076"
Software Development Engineer II,MetLife,"Hybrid work in Cary, NC"
Software Engineer (L6) - SVOD Transport Protocol Development,Netflix,Remote
Software Engineer I,Citizens,"Iselin, NJ 08830"
Software Planning & Validation Engineer,Meridian Technologies,"Chillicothe, IL 61523"
"Software Engineer, Back End",DocuSign,"San Francisco, CA"
Software Engineer (SecDevOps),Raytheon,"Sterling, VA 20166"
Online Software Development Academic Support Specialist,East Coast Tech Online,Remote
Software Engineer,LT Technology Services,"Cedar Rapids, IA"
Senior Software Systems Engineer,ANDURIL INDUSTRIES,"Costa Mesa, CA 92626"
Senior Software Engineer I,Cambium Learning Group,"Washington, DC"
Software Engineer 1,InterImage,"Laurel, MD"
Software Engineer II,Electronic Arts,Hybrid work in Florida
Software Engineer,Westinghouse Electric Co,"Cranberry Township, PA"
Bioinformatics Software Engineer IV,Memorial Sloan Kettering Cancer Center,"New York, NY 10017"
Senior Software Engineer,Broadcom,"Plano, TX"
Software Engineer - Salesforce,State Farm,"Hybrid work in Bloomington, IL 61701"
Software Engineer (Vue.js),Mintmesh,"Detroit, MI 48243"
Senior Software Engineer (Hybrid),Enova International,"Chicago, IL"
Software Engineer II,Microsoft,"Redmond, WA 98052"
Engineer I - Software development,Accelya,"Hybrid work in Miami, FL"
